common_name,n_images
Sapphire Quail-Dove,1
Rana species,1
Thick-billed Warbler,1
Rufous Motmot,1
Cape Grey Mongoose,1
Eastern Yellow-billed Hornbill,1
Ferruginous Partridge,1
Crowned Eagle,1
Maguari Stork,1
Barred Owl,1
Undulated Tinamou,1
François's Langur,1
Asian Small-clawed Otter,1
Black-capped Tinamou,1
Clark's Nutcracker,1
Northern Naked-tailed Armadillo,1
Busard Saint-Martin,1
Smith's Bush Squirrel,1
Harpy Eagle,1
Roan Antelope,1
Coral-billed Ground-cuckoo,1
Yellow Armadillo,1
Alligator Species,1
Roadside Hawk,1
Black Sparrowhawk,1
Silvery-cheeked Hornbill,1
Cape Hare,1
Indian Pond-heron,1
Indomalayan Bamboo Rat,1
Black-billed Thrush,1
Pigeon rameron,1
Ortalis Species,1
Southern Three-banded Armadillo,1
Iringa Akalat,1
Caprimulgus Species,1
Rufous-collared Sparrow,1
Pauraque,1
Spotted Thick-knee,1
Northern Lesser Galago,1
Silver-eared Leiothrix,1
Micrastur Species,1
Bare-eyed Thrush,1
Kinkajou,1
Geomyidae Family,1
Arborophila Species,1
Siberian Blue Robin,1
Four-toed Hedgehog,1
Black Solitary Eagle,1
Rhizomys Species,1
Pangolin Family,1
Pitta-like Ground-roller,1
White-starred Robin,1
Plantain Squirrel,1
Large-toothed Ferret Badger,1
Natal Red Duiker,1
Phaethornis Species,1
Oriental Magpie-Robin,1
Moustached Grass-warbler,1
Slaty-blue Flycatcher,1
Bubo Species,1
Orange-bellied Flowerpecker,1
Aonyx Species,1
Banded Surili,1
Slate-coloured Boubou,1
Common Barn Owl,1
Eastern Spotted Skunk,1
Spot-breasted Scimitar-babbler,1
Southern Caracara,1
Particolored Flying Squirrel,1
Cercotrichas Species,2
Sumatran Striped Rabbit,2
Indonesian Mountain Weasel,2
Common Fiscal,2
Giant Cowbird,2
Red-legged Tinamou,2
Greater Rhea,2
Tupaia Species,2
